epoch,stage,lr,train_loss,train_mse,train_kl,val_loss,val_mse,val_kl,PLCC,SROCC,KROCC,Aggregate,time_seconds
1,1,0.0003,1.5159902044704983,1.4307635048457554,1.2446699396201542,1.4719503465294839,1.3627055168151856,2.4783870935440064,-0.3297,-0.213,-0.1373,0.6799,67.75859260559082
2,1,0.0003,1.2850527161785534,1.2172670813117707,0.45389203867741995,1.2941594609618188,1.1964832754433155,2.3721411848068237,-0.049,-0.0914,-0.0615,0.2019,67.35380792617798
3,1,0.0003,1.3218435617855617,1.2525994268911225,0.458823620687638,1.2659884577989577,1.193955017477274,1.122553493976593,0.1213,0.1559,0.1058,0.383,74.20686388015747
4,2,1.6666666666666667e-05,1.2031952974625997,1.1432352951169014,0.08813690197254931,1.2508329683542252,1.1932844127714635,0.4081903374195099,0.2666,0.3251,0.2217,0.8134,67.4929039478302
5,2,3.3333333333333335e-05,0.8497905136431967,0.7902306116904532,0.11216773598321847,1.2347544327378273,1.1841299183666707,0.17395945459604265,0.4633,0.4679,0.3268,1.258,72.39483594894409
6,2,5e-05,0.7461232928080218,0.6909634166636637,0.09726396220070975,1.188508478552103,1.1481365220248698,0.08391573205590248,0.6744,0.7056,0.4958,1.8759,72.78921961784363
7,2,5e-05,0.7973879607873303,0.7379909307828971,0.057260959962649,1.027204526439309,0.9928518097475171,0.023888920713216067,0.72,0.7417,0.5331,1.9948,73.1578688621521
8,2,4.9986318311391235e-05,0.610341653334243,0.5608484374306032,0.04693960656012808,0.837278648391366,0.8017209334671498,0.031179423704743386,0.7653,0.7434,0.5362,2.0449,69.21735858917236
9,2,4.9945288526267254e-05,0.5495466109471662,0.5000502198615244,0.052117801311292816,0.6939493755996228,0.6564937377721072,0.033518575057387354,0.7862,0.7587,0.5548,2.0997,64.49402809143066
10,2,4.987695646966835e-05,0.5222678564488887,0.47279588513076304,0.03845978037321142,0.5922210381925106,0.552609752342105,0.023787461407482623,0.8002,0.7782,0.5774,2.1558,63.23785734176636
11,2,4.978139845979211e-05,0.5061049512667315,0.45733899693403923,0.034812664058325546,0.5144262036681175,0.4739055934548378,0.01389302708208561,0.8147,0.799,0.6007,2.2144,63.054847240448
12,2,4.9658721222755696e-05,0.4732447029224464,0.4313248800060579,0.04118317365114178,0.4543569841980934,0.41462397307157517,0.007762983366847038,0.8299,0.821,0.6268,2.2778,65.4630286693573
1,1,0.0003,1.574668402331216,1.4607076014791216,0.3650517204244222,3.92427681684494,3.8822799921035767,0.03664799928665161,0.5143,0.512,0.3547,1.381,33.19897222518921
2,1,0.0003,1.2717846521309444,1.170787833418165,0.32742274217307565,3.3481176495552063,3.3019649028778075,0.043151731602847576,0.4415,0.4398,0.3119,1.1932,25.6848361492157
3,1,0.0003,1.1837420412472317,1.098053412778037,0.20849674370672022,2.9310040563344955,2.881534880399704,0.038879277743399145,0.2992,0.3589,0.2484,0.9065,25.864710807800293
4,1,0.0003,1.1956357815435954,1.1060537304197038,0.2588422860418047,2.387930741906166,2.3384920939803124,0.05666755586862564,0.3864,0.4322,0.3008,1.1194,26.220073223114014
5,1,0.0003,1.153915833575385,1.0598181268998554,0.2507864717926298,2.0793640211224558,2.0360106572508814,0.01933049811050296,0.4517,0.4671,0.3216,1.2404,27.043434619903564
6,2,1.6666666666666667e-05,1.1143645188638143,1.0344233657632556,0.18281978932874543,1.8841841608285903,1.8431158542633057,0.020700606424361466,0.5699,0.6267,0.4473,1.6439,34.6956889629364
1,1,0.0003,1.5683518639632634,1.4623887198311942,0.31756330779088393,3.9012649416923524,3.859429347515106,0.034227959159761664,0.5106,0.514,0.3557,1.3803,40.28717088699341
7,2,3.3333333333333335e-05,0.8277760693005153,0.7327553493635995,0.36727182173303197,1.7463830798864364,1.7078807026147842,0.025964565761387347,0.5699,0.6139,0.447,1.6309,39.99741578102112
2,1,0.0003,1.2974121459892818,1.1900421972785677,0.3574029698967934,3.4057914346456526,3.3634156465530394,0.015775547781959175,0.5005,0.4987,0.3519,1.3511,38.58425712585449
8,2,5e-05,0.7628520077892712,0.6915444093091148,0.16026093866676092,1.5772014826536178,1.5414904832839966,0.025890858378261328,0.6252,0.6429,0.4658,1.7339,39.65888738632202
3,1,0.0003,1.2213372319936753,1.1369110026529856,0.2057503686153463,3.0566210597753525,3.008458688855171,0.03801888786256313,0.3688,0.4087,0.2844,1.0619,39.38395118713379
9,2,5e-05,0.7433213674596377,0.6759935674922807,0.12370838932693004,1.4469500005245208,1.4119240418076515,0.027172900550067425,0.6707,0.6603,0.4742,1.8052,38.44290518760681
10,2,4.998571704797127e-05,0.742339116547789,0.6767896030630384,0.08751608207821845,1.3432284966111183,1.3102558329701424,0.022419455740600825,0.7274,0.7024,0.5054,1.9353,36.39612627029419
1,1,0.0003,1.5917843682425363,1.4836632383721216,0.3279007316433958,3.961059367656708,3.9193966567516325,0.031436831969767806,0.504,0.5035,0.3479,1.3554,40.856560707092285
11,2,4.9942884845168216e-05,0.6764610707759857,0.6105401173233986,0.09555720979613917,1.2570347309112548,1.2249116435647012,0.022860238514840602,0.7555,0.7519,0.5464,2.0538,41.68905687332153
2,1,0.0003,1.270868558543069,1.1739570489951543,0.33510537700993676,3.3482231110334397,3.303343078494072,0.03812078079208732,0.4708,0.4749,0.3386,1.2844,41.5194308757782
12,2,4.9871553332023326e-05,0.6541628618325506,0.5935695228832109,0.13333758670570595,1.1803539976477624,1.1483871564269066,0.028816349944099783,0.7709,0.7591,0.5508,2.0807,41.88980293273926
3,1,0.0003,1.1959064790180751,1.1249266488211496,0.11831143338765417,2.933048051595688,2.8850235491991043,0.03464754708111286,0.3089,0.2983,0.2048,0.812,41.23193025588989
13,2,4.977180567789011e-05,0.5782306483813695,0.5207641596240656,0.084764534527702,1.1129912868142129,1.0809369876980781,0.0313175043091178,0.7811,0.7611,0.5533,2.0955,42.5056471824646
4,1,0.0003,1.2058925228459494,1.119503008042063,0.29144870681422097,2.6642238914966585,2.6152622789144515,0.02015452990308404,0.2413,0.258,0.1767,0.676,41.503469944000244
14,2,4.9643758184071324e-05,0.5889796584844589,0.5351011721151215,0.05622054657765797,1.040355272591114,1.0080496594309807,0.03259916072711348,0.7893,0.7699,0.5625,2.1217,42.09908628463745
5,1,0.0003,1.2018347331455776,1.1055004468985967,0.3305077991847481,2.2573201566934586,2.208637945353985,0.019868068071082233,0.3476,0.3493,0.2453,0.9423,41.015949726104736
15,2,4.9487560148216916e-05,0.6091928875872067,0.5466633984020778,0.13404500749228257,0.9633059322834014,0.9307805389165879,0.029807416163384913,0.7949,0.775,0.5683,2.1382,42.581539154052734
6,2,1.6666666666666667e-05,1.1914853870868682,1.1142619060618537,0.17432181393461568,1.9536099776625633,1.9051204428076745,0.018952869717031716,0.2393,0.2756,0.1879,0.7028,42.018476486206055
16,2,4.930339369024957e-05,0.5436901222382273,0.490843089563506,0.04003828114696911,0.8869062080979347,0.8541437178850174,0.026860757451504468,0.7992,0.7837,0.5797,2.1626,41.83131551742554
7,2,3.3333333333333335e-05,0.940223548242024,0.8591516183955329,0.2408782156982592,1.7526374608278275,1.7077053621411324,0.02464759722352028,0.5406,0.5566,0.405,1.5022,41.30268049240112
17,2,4.909147354002109e-05,0.5254375862223761,0.47055918595620566,0.04322916716337204,0.8059022828936577,0.7727177232503891,0.025510178972035648,0.8037,0.7926,0.5889,2.1852,41.96412444114685
8,2,5e-05,0.8995810440608434,0.8166968232819012,0.2784845023815121,1.614151008427143,1.5733386352658272,0.029002201929688453,0.6945,0.719,0.5375,1.951,41.78285336494446
18,2,4.885204678694694e-05,0.5654016962008817,0.5140001172465938,0.03795538643108947,0.7335237100720405,0.7001459859311581,0.025055021792650223,0.8088,0.8003,0.5969,2.2061,41.57500195503235
9,2,5e-05,0.7211106675011771,0.6532110314284052,0.10782238375395536,1.5049537554383279,1.4683472096920014,0.029604524187743664,0.7398,0.7456,0.5459,2.0313,42.0546875
19,2,4.8585392591911105e-05,0.4873018853366375,0.4393656451787267,0.038088968808629685,0.6582558527588844,0.6251723140478134,0.022583654755726455,0.8148,0.8131,0.6134,2.2413,42.750412940979004
10,2,2.5500000000000003e-05,0.666763117483684,0.6063170788543565,0.04305787349918059,1.4147026717662812,1.3808465078473091,0.03143348777666688,0.7458,0.7432,0.5383,2.0273,43.42121720314026
20,2,4.829182186177691e-05,0.46035564690828323,0.4123180998223169,0.03337642547142293,0.5930624559521676,0.5606968969106674,0.021189484745264053,0.8228,0.8273,0.6326,2.2828,38.89066433906555
21,2,4.7971676886883606e-05,0.5081014829022544,0.46300815727029526,0.03127655690269811,0.5401610784232617,0.5089194469153882,0.020157119957730174,0.8314,0.84,0.6498,2.3212,32.44634819030762
22,2,4.7625330941951054e-05,0.44428415085588185,0.40009947291442327,0.028996617466743504,0.4901218257844448,0.4599055886268616,0.020037841517478228,0.8401,0.8512,0.6661,2.3574,38.00729465484619
23,2,4.725318785085819e-05,0.4273563821400915,0.3808533210839544,0.025189074807401214,0.4465053126215935,0.41720069348812105,0.019934340100735425,0.8481,0.8597,0.6771,2.3849,32.24469590187073
24,2,4.685568151580241e-05,0.44293844125100545,0.3985442865639925,0.025547757651656865,0.4093856319785118,0.380797965079546,0.02061513834632933,0.855,0.8691,0.6879,2.412,38.65813708305359
25,2,4.6433275411388974e-05,0.41752280433263095,0.37180291307824,0.030051400499152284,0.37968004792928695,0.3516670860350132,0.020291470643132924,0.8608,0.8763,0.6972,2.4343,37.65254187583923
26,2,4.598646204424042e-05,0.42758461268884795,0.38211554400622844,0.025369842962494917,0.35411604046821593,0.3266874607652426,0.020268622785806656,0.8671,0.8831,0.7072,2.4574,31.179730892181396
27,2,4.5515762378755836e-05,0.4317752242088318,0.3850792190858296,0.025041019304522447,0.332974037528038,0.30586394630372526,0.020415811683051288,0.8732,0.8881,0.7153,2.4766,30.83909511566162
28,2,4.5021725229689665e-05,0.4299327671527863,0.39144008542810166,0.019605168387559907,0.31605666056275367,0.2891583118587732,0.02064964361488819,0.8784,0.8931,0.7219,2.4934,33.97615838050842
29,2,4.450492662225829e-05,0.36336611488035747,0.3223275282553264,0.02292226129876716,0.3014953315258026,0.2746543902903795,0.02143427445553243,0.8828,0.8968,0.7293,2.5089,30.80367159843445
30,2,4.396596912052035e-05,0.3947274176137788,0.3548503374414785,0.029083693080714772,0.2903640754520893,0.26363000087440014,0.022533671278506518,0.8865,0.9018,0.7373,2.5256,30.420066118240356
31,2,4.340548112481404e-05,0.41822626452360834,0.3773589736116784,0.024612029881349633,0.28082662001252173,0.2544325668364763,0.02135840377304703,0.89,0.9068,0.7448,2.5417,30.983161449432373
32,2,4.2824116139070415e-05,0.39586909115314484,0.3529479007635798,0.022848622966557743,0.2741119809448719,0.247951103374362,0.019930982124060394,0.8926,0.9091,0.7493,2.551,30.882500171661377
33,2,4.222255200885703e-05,0.35614011032240733,0.3132689220564706,0.025399868336639233,0.26802731975913047,0.24199831411242484,0.018814958399161696,0.8957,0.9117,0.7535,2.5609,30.70185089111328
34,2,4.1601490131040324e-05,0.3639430228088583,0.3231923598263945,0.018872324816350428,0.263835309445858,0.23798929564654828,0.017926872754469515,0.8988,0.9155,0.7589,2.5733,30.663552284240723
35,2,4.096165463598829e-05,0.3276211564029966,0.2916990258863994,0.021349867027519006,0.2592297367751598,0.2335898745805025,0.01684289814438671,0.9022,0.9172,0.7612,2.5806,30.505646228790283
36,2,4.0303791543266814e-05,0.38681171014904975,0.34752383338553566,0.022280411402295742,0.25500016659498215,0.22951173223555088,0.01583791240118444,0.9053,0.9206,0.7665,2.5924,31.098729848861694
37,2,3.9628667891814236e-05,0.35729785412549975,0.3183180928230286,0.025300115792612946,0.25036007910966873,0.22501685805618762,0.014484090730547905,0.908,0.9222,0.7687,2.599,30.614400386810303
38,2,3.89370708456083e-05,0.3706462400300162,0.3307193872119699,0.02104250542553408,0.24663084968924523,0.22143249288201333,0.013487162860110402,0.9105,0.9238,0.771,2.6053,30.541703701019287
39,2,3.822980677586811e-05,0.3329620643385819,0.29412857836910655,0.01805437692174954,0.24106089398264885,0.21596367917954923,0.012479033274576067,0.9136,0.9252,0.7737,2.6125,30.640227556228638
40,2,3.750770032086142e-05,0.3319879338145256,0.29113427847623824,0.027520488661580852,0.235904448479414,0.21092182584106922,0.011313241277821361,0.9164,0.9269,0.7761,2.6194,31.99711298942566
41,2,3.6771593424413224e-05,0.3190570590751512,0.28253663597362383,0.017015917958425626,0.22992271929979324,0.20509948395192623,0.009958327375352382,0.9189,0.9283,0.7786,2.6258,33.74399995803833
42,2,3.6022344354237e-05,0.31795330782021797,0.2842039556375572,0.019357603535588297,0.22414067909121513,0.1995306834578514,0.008791220374405384,0.9216,0.9302,0.7823,2.6341,31.89790916442871
43,2,3.526082670123291e-05,0.30950121996658186,0.2735438368150166,0.0178986133808004,0.21673090942203999,0.19233777485787867,0.007842703815549612,0.9241,0.9319,0.7849,2.641,31.13012933731079
44,2,3.448792836091989e-05,0.31291786751576833,0.2744168144251619,0.02017724221306188,0.21212630495429038,0.18788616694509983,0.007012815657071769,0.9262,0.9328,0.7869,2.6459,30.654945135116577
45,2,3.370455049818916e-05,0.30040236855191843,0.2650556093880108,0.018607145454734565,0.20524147152900696,0.18121864199638366,0.0062495431280694905,0.9286,0.9341,0.7893,2.6519,30.92675805091858
46,2,3.2911606496586355e-05,0.29185564539262226,0.2589731938604798,0.01671221139175551,0.19945879355072976,0.1756800662726164,0.005531387450173497,0.9309,0.9354,0.7912,2.6575,30.900320529937744
47,2,3.211002089334709e-05,0.269845193198749,0.2380333648728473,0.02029206409850823,0.19424087405204774,0.17071178369224072,0.005090162658598274,0.9329,0.9367,0.7941,2.6638,30.162825345993042
48,2,3.130072830142794e-05,0.2695698013263089,0.23711517921515873,0.01470400291228933,0.18981545567512512,0.16653153635561466,0.004717149294447154,0.935,0.938,0.7968,2.6698,30.04076600074768
49,2,3.0484672319789523e-05,0.32133953017847877,0.2866064141903605,0.017490587503250155,0.183858722448349,0.16080945916473866,0.004370355099672452,0.9368,0.9395,0.7996,2.6759,30.015985250473022
50,2,2.966280443320233e-05,0.29802029563912324,0.2637993176068578,0.01765649788347738,0.1779094610363245,0.15514303743839264,0.00396782904281281,0.9384,0.9402,0.801,2.6796,30.049511194229126
51,2,2.8836082902858037e-05,0.2848762844290052,0.254364283063582,0.01615998737647065,0.17347234599292277,0.15097142122685908,0.003665811649989337,0.9397,0.9405,0.8018,2.682,29.794477224349976
52,2,2.800547164907984e-05,0.2789281145802566,0.24628602346139294,0.0156797915264698,0.1697793696075678,0.1474625661969185,0.003433836589101702,0.9409,0.9413,0.8033,2.6855,30.035915851593018
53,2,2.7171939127434443e-05,0.26078490327511517,0.22864603714219162,0.014662110240065626,0.16749499477446078,0.14536147452890874,0.0032674171263352035,0.9419,0.9423,0.8055,2.6898,29.83962392807007
54,2,2.6336457199556212e-05,0.2484755823654788,0.21580862967031342,0.015806597783895475,0.1660282753407955,0.14405969716608524,0.0031538832176011057,0.9427,0.9425,0.8061,2.6912,29.816034078598022
55,2,2.55e-05,0.26443635395595005,0.23050920409815653,0.019112456416977303,0.16384111754596234,0.1420752678066492,0.002998164453310892,0.9436,0.9432,0.8075,2.6943,30.537596702575684
56,2,2.4663542800443787e-05,0.24818395168653556,0.21674804083470786,0.014575147648741092,0.16279093399643899,0.14129361361265183,0.0028692546184174716,0.9446,0.9439,0.8095,2.698,30.263272523880005
57,2,2.3828060872565563e-05,0.3065055289438793,0.27175247243472506,0.020878830192876712,0.1621374886482954,0.14093237332999706,0.002827318344498053,0.9454,0.9442,0.8109,2.7005,30.38393211364746
58,2,2.2994528350920164e-05,0.26127139234117097,0.22887021915188857,0.015019276132807135,0.16141584739089013,0.14035598896443843,0.0027601988753303886,0.946,0.9443,0.8114,2.7017,36.8045334815979
59,2,2.2163917097141956e-05,0.24445093918059554,0.21246145037668093,0.013241432454170926,0.1597236294299364,0.13877883180975914,0.002695510513149202,0.9467,0.9446,0.8125,2.7038,39.596397399902344
60,2,2.133719556679767e-05,0.24731200986674853,0.2151196691606726,0.01451898413444204,0.15853822678327562,0.13774161972105503,0.002666576876072213,0.9474,0.9453,0.8137,2.7064,33.828227519989014
61,2,2.0515327680210473e-05,0.2630288652011326,0.2316657888570002,0.012499911713946078,0.15565474554896355,0.13505931496620177,0.0026497266255319117,0.9483,0.9461,0.8155,2.7099,30.200136423110962
62,2,1.9699271698572056e-05,0.2452525530542646,0.21456005168812617,0.014119068313656108,0.1532013189047575,0.13283285088837146,0.002652889210730791,0.9492,0.9466,0.8168,2.7126,30.015435695648193
63,2,1.888997910665291e-05,0.22301514063562666,0.19226629276360785,0.014182415079059346,0.15073394179344177,0.1305308746173978,0.0026416209526360034,0.9501,0.948,0.8197,2.7178,30.893378019332886
64,2,1.808839350341364e-05,0.21240477253283774,0.1861686055681535,0.015746552663456117,0.1487432286143303,0.12872579488903285,0.0025593252736143767,0.9511,0.9487,0.821,2.7208,38.588634967803955
65,2,1.729544950181084e-05,0.21588839111583574,0.1870617002248764,0.013934679908145751,0.14726271387189627,0.12745503876358272,0.0024852517584804446,0.952,0.9499,0.8235,2.7255,35.79294228553772
66,2,1.651207163908012e-05,0.21551733575761317,0.18697205499878952,0.014817943633534014,0.1470132742077112,0.1273708287626505,0.0024040188058279456,0.9527,0.9504,0.8245,2.7276,38.55670976638794
67,2,1.5739173298767084e-05,0.23459517093641416,0.2027602331978934,0.014650255697779358,0.14573264587670565,0.12627245876938104,0.002351059939246625,0.9534,0.9506,0.8257,2.7298,34.22881031036377
68,2,1.4977655645762995e-05,0.2230003492108413,0.1943348471607481,0.013902932648280901,0.14300449583679437,0.12373782843351364,0.0022890772321261465,0.9543,0.9512,0.8274,2.7329,33.00261974334717
69,2,1.4228406575586771e-05,0.19187500546021122,0.1654784665043865,0.014271528207297835,0.14004657249897717,0.12093780543655157,0.0022331099957227708,0.9552,0.9515,0.8281,2.7348,38.77199745178223
70,2,1.3492299679138574e-05,0.20254188754728863,0.17731295345085007,0.0151649703205164,0.1374188767746091,0.11845121011137963,0.002194504893850535,0.9561,0.9525,0.8304,2.7389,37.89743208885193
71,2,1.2770193224131881e-05,0.20588566618306295,0.17831269992249352,0.012985894825708654,0.13646979369223117,0.1176263129338622,0.00219955476350151,0.9567,0.9532,0.8324,2.7423,40.578508138656616
72,2,1.2062929154391686e-05,0.1912335121738059,0.1645083534132157,0.012867468379304877,0.13589658662676812,0.11711406596004963,0.002220324886729941,0.9571,0.9533,0.8325,2.743,40.76382303237915
73,2,1.1371332108185757e-05,0.19781537130475044,0.17127542703279428,0.011915212882948773,0.1345665564760566,0.11589319277554751,0.002215736667858437,0.9577,0.954,0.8343,2.746,39.016488790512085
74,2,1.0696208456733185e-05,0.1822211306542158,0.15387997568718026,0.013463920374800051,0.13315958864986896,0.11462544184178114,0.00225245546316728,0.9585,0.9545,0.8355,2.7485,40.48627543449402
75,2,1.0038345364011706e-05,0.21602496302553587,0.18557717395680293,0.012901859248190053,0.13202050663530826,0.11360362060368061,0.0023111540416721255,0.959,0.9558,0.8388,2.7537,34.85340189933777
76,2,9.39850986895968e-06,0.18421751260757446,0.16016313955187797,0.012698456857885633,0.1314380418509245,0.11307511981576682,0.002344983257353306,0.9595,0.956,0.8399,2.7553,40.25969052314758
77,2,8.777447991142973e-06,0.19236092785639422,0.16647661892431123,0.011996178096160293,0.13149594757705926,0.11315415930002928,0.0023517503344919533,0.9598,0.9564,0.8409,2.7572,39.005823612213135
78,2,8.175883860929588e-06,0.18593966620309013,0.1599760894796678,0.01204912890014904,0.13118280582129954,0.11288732402026654,0.0023787243640981614,0.9601,0.9568,0.8421,2.7591,38.756977558135986
79,2,7.594518875185959e-06,0.17869190948882274,0.15302558075636624,0.012436086644551583,0.13078848142176866,0.11251777922734618,0.0024443274771329014,0.9605,0.9569,0.8427,2.7601,40.426368951797485
80,2,7.034030879479652e-06,0.17385245013449874,0.14859414116612502,0.011906853497826627,0.13061350490897894,0.11231480278074742,0.002428703277837485,0.9607,0.9574,0.8442,2.7623,41.46444821357727
81,2,6.495073377741718e-06,0.17442324592598846,0.15029002449342183,0.011889278808874743,0.13073304519057274,0.11243842942640185,0.0024668588826898485,0.961,0.9575,0.8447,2.7632,40.892534017562866
82,2,5.978274770310341e-06,0.1772717846291406,0.15227203470255649,0.01236200373885887,0.13059971164911985,0.11233208272606135,0.0025497038674075156,0.9612,0.9575,0.8447,2.7634,41.03521394729614
83,2,5.4842376212441724e-06,0.1875124972845827,0.16145790482738187,0.012508263877992119,0.1308577384799719,0.11259681517258287,0.0025765687401872127,0.9613,0.9575,0.8451,2.7639,40.43661141395569
84,2,5.013537955759585e-06,0.17845481916197709,0.15170779672584364,0.01153119123939957,0.13116111438721417,0.11286712661385537,0.0026576651725918055,0.9613,0.9574,0.8449,2.7637,37.11906576156616
85,2,4.5667245886110365e-06,0.169435066729784,0.14484191292098592,0.012905819840463144,0.13120806831866502,0.11289671678096055,0.0026695826672948897,0.9613,0.9576,0.845,2.7639,38.216068506240845
86,2,4.1443184841975975e-06,0.16743636929563113,0.14444184071783508,0.011824088816397956,0.13124842904508113,0.11293173711746932,0.0027453700080513955,0.9614,0.9575,0.8449,2.7638,31.243305206298828
87,2,3.746812149141808e-06,0.18154159810926232,0.1541686765317406,0.012036862929484674,0.13066889084875583,0.1123297174461186,0.0027769760868977754,0.9614,0.9573,0.8441,2.7628,35.11451697349548
88,2,3.3746690580489486e-06,0.17627811735229834,0.14972336702048777,0.012451014451549522,0.13030493427067996,0.11194868022575974,0.0028118401416577397,0.9615,0.9571,0.8438,2.7624,36.961090326309204
89,2,3.0283231131164007e-06,0.17007875091263225,0.14438284992107323,0.011591896707458155,0.1299525359645486,0.11154464213177562,0.002858308597933501,0.9616,0.9569,0.843,2.7614,31.339427947998047
90,2,2.7081781382230905e-06,0.1614457632814135,0.13727470130792685,0.01169059771512236,0.12884351518005133,0.11041790368035435,0.002931786759290844,0.9616,0.9573,0.8436,2.7625,36.5416533946991
91,2,2.4146074080889007e-06,0.17276576289108822,0.14820599343095506,0.012415885818856102,0.12802841942757368,0.10956523213535548,0.0029667763039469717,0.9617,0.9573,0.8438,2.7628,31.45694375038147
92,2,2.1479532130530573e-06,0.15926873300756728,0.13622758380536523,0.011460839631035924,0.12726219072937967,0.10877845017239451,0.00300059697474353,0.9617,0.9572,0.8437,2.7626,33.98138213157654
93,2,1.9085264599789185e-06,0.16029319268252168,0.13531118594110011,0.011635636850925429,0.12639710661023856,0.1078986655920744,0.003072453121421859,0.9618,0.9572,0.8432,2.7621,36.67209553718567
94,2,1.6966063097504317e-06,0.14742987693420478,0.1252700493271862,0.012009898509963283,0.12609932199120522,0.10757579458877445,0.003115527529735118,0.9618,0.9569,0.8426,2.7613,32.99536991119385
95,2,1.5124398517830914e-06,0.16492793102349554,0.14063892224803567,0.012218424857461026,0.12579747699201108,0.10725559694692492,0.0031835916044656186,0.9618,0.957,0.8428,2.7617,32.496490478515625
96,2,1.3562418159286768e-06,0.1747380686125585,0.15039011596568994,0.011327996899906014,0.12553549855947493,0.10698289666324853,0.0032501862733624876,0.9617,0.9567,0.8422,2.7606,39.968924045562744
97,2,1.2281943221098992e-06,0.16238850480211633,0.13807236988629615,0.011706201984946216,0.12523962669074534,0.10669561112299561,0.003297820861916989,0.9617,0.9568,0.8423,2.7608,38.721460580825806
98,2,1.1284466679766765e-06,0.15654363179845468,0.13272808915270226,0.011933711117931775,0.12516087032854556,0.10662781046703458,0.0032890689151827248,0.9616,0.9567,0.8424,2.7607,34.266071796417236
99,2,1.0571151548317882e-06,0.15833853100027356,0.1356294225369181,0.011031170545278916,0.12483965465798974,0.10632953522726893,0.0033478835946880283,0.9616,0.957,0.8433,2.7619,35.739221811294556
100,2,1.0142829520287364e-06,0.14488855552460467,0.12372511348554066,0.011593547496678574,0.12454109191894532,0.10603477684780956,0.003405314084375277,0.9616,0.9569,0.8435,2.762,31.402787446975708
