epoch,stage,lr,train_loss,train_mse,train_kl,val_loss,val_mse,val_kl,PLCC,SROCC,KROCC,Aggregate,time_seconds
1,1,0.0003,1.533929603440421,1.526881005508559,0.3524297787940928,3.747533839941025,3.746693569421768,0.04201326277107,0.4812,0.4667,0.3272,1.2751,90.33718681335449
1,1,0.0003,1.5178954086133412,1.509451973438263,0.42217171120324304,3.7166374206542967,3.715665704011917,0.04858792219310999,0.4901,0.4764,0.3432,1.3097,90.33401036262512
2,1,0.0003,1.1935993641614915,1.1813953523124967,0.6102007814283882,2.787827894091606,2.7867157101631164,0.05560917127877474,0.2199,0.245,0.169,0.6339,40.122801303863525
2,1,0.0003,1.2046525512422834,1.1954852495874677,0.45836515091359614,3.013145682215691,3.0110424160957336,0.10516307726502419,-0.2783,-0.3091,-0.2068,0.7943,40.243157386779785
3,1,0.0003,1.0868229525429862,1.0814056255987712,0.27086612874908106,2.2150155752897263,2.2141667306423187,0.042442290810868144,0.2975,0.2828,0.1947,0.7749,41.03236198425293
3,1,0.0003,1.1170370131731033,1.1114584792937552,0.27892676054367,2.484759184718132,2.4820928037166596,0.1333179406821728,0.0914,0.0788,0.0545,0.2247,40.98779320716858
4,1,0.0003,1.1242637055260793,1.114417364341872,0.4923169500327536,2.058123677968979,2.0577475279569626,0.018807609705254434,0.1768,0.1601,0.1101,0.4471,43.52459144592285
4,1,0.0003,1.152679830789566,1.1423013925552368,0.5189218190897789,2.2371528133749963,2.236354188621044,0.03993014087900519,0.1734,0.2053,0.1414,0.5201,43.51423978805542
5,1,0.0003,1.0680224261113576,1.0584704754608019,0.47759737220725845,1.7970142483711242,1.7961977154016495,0.04082719059661031,0.2995,0.2955,0.199,0.794,38.921329736709595
5,1,0.0003,1.100497487613133,1.0908121943473816,0.48426433354616166,1.7650543063879014,1.7632591679692269,0.08975736629217863,0.2813,0.2705,0.1853,0.7371,38.91613841056824
6,2,1.6666666666666667e-05,0.8529216489621572,0.8446646373186792,0.4128507350172315,1.6564603120088577,1.6543526276946068,0.10538478773087263,0.428,0.4208,0.2848,1.1336,268.78182888031006
6,2,1.6666666666666667e-05,0.9808380371757917,0.9708232728498323,0.5007383236927646,1.5301786258816719,1.528470578789711,0.08540239771828055,0.4702,0.5112,0.3532,1.3345,392.08202838897705
7,2,3.3333333333333335e-05,0.7339202697787967,0.7267472633293697,0.3586503341794014,1.4015938252210618,1.3996931180357932,0.09503528028726578,0.5494,0.554,0.3831,1.4866,199.0129177570343
7,2,3.3333333333333335e-05,0.7848074512822287,0.7731166277612959,0.5845411034567015,1.4354139283299445,1.434807388484478,0.030326606263406573,0.4825,0.5542,0.3768,1.4136,165.1762776374817
8,2,5e-05,0.6863187566399575,0.6806610875896045,0.2828835486301354,1.1799310937523841,1.1793102040886878,0.031044463394209743,0.6471,0.668,0.4706,1.7857,150.08389592170715
8,2,5e-05,0.6814607716032437,0.6747470655611583,0.3356853194002594,1.3064869359135627,1.3060266196727752,0.023015684308484198,0.6537,0.7244,0.5126,1.8906,158.87038445472717
9,2,5e-05,0.7229898635830198,0.7201174906321934,0.14361870336745466,1.0357935458421708,1.0352392345666885,0.02771522579714656,0.6717,0.6911,0.4804,1.8431,158.4877028465271
9,2,5e-05,0.6966591873339244,0.6944912648626737,0.10839618577488831,1.1448993325233459,1.1440121561288834,0.04435874558985233,0.6816,0.7158,0.5067,1.9041,150.73251056671143
10,2,4.993149303093891e-05,0.667075765132904,0.6651459498064859,0.09649056829512119,0.9448073625564575,0.9440068602561951,0.040025131311267614,0.7142,0.7256,0.5138,1.9535,155.89750862121582
10,2,4.993149303093891e-05,0.7126000489507403,0.7085536341582026,0.20232072765273706,1.0609903559088707,1.0598515018820762,0.05694304229691625,0.6797,0.7112,0.4987,1.8896,194.39883375167847
11,2,4.9726355242515645e-05,0.6037909029849938,0.6022993264453752,0.0745788913087121,0.8729910880327225,0.8718151643872261,0.058796152006834745,0.7453,0.7466,0.537,2.0289,209.48199558258057
11,2,4.9726355242515645e-05,0.6141915973808084,0.6126565295670714,0.07675344060574259,0.9991693511605263,0.9976306930184364,0.07693298328667879,0.6962,0.7433,0.5323,1.9718,170.0585901737213
12,2,4.9385733848454676e-05,0.6204117534416063,0.6186621384961265,0.08748067481709378,0.8036561459302902,0.8017516627907753,0.0952238416299224,0.7581,0.764,0.5596,2.0817,163.23229789733887
12,2,4.9385733848454676e-05,0.6176339998841286,0.6160965570381709,0.0768722478300333,0.9240764588117599,0.9220428615808487,0.10167981553822755,0.7242,0.7581,0.5533,2.0356,205.8811514377594
13,2,4.8911533741760445e-05,0.5648807534149715,0.5635496060763087,0.06655726692240153,0.7482576757669449,0.7459497839212418,0.1153945041820407,0.7627,0.7721,0.5727,2.1075,220.39975309371948
13,2,4.8911533741760445e-05,0.5635388291307858,0.5626101123435157,0.04643588586311255,0.8508857309818267,0.8487110212445259,0.10873560169711709,0.7425,0.7503,0.5459,2.0387,221.36220979690552
14,2,4.830640684178301e-05,0.49466260416167124,0.49367399024111885,0.049430801586381024,0.693857578933239,0.6915110722184181,0.11732516109477728,0.7704,0.7839,0.587,2.1413,213.86389780044556
14,2,4.830640684178301e-05,0.5427246572715896,0.5416817064796176,0.05214756836316415,0.780694991350174,0.7787572264671325,0.0968888757750392,0.7625,0.7651,0.5643,2.0919,213.9720766544342
15,2,4.757373726360927e-05,0.49016333988734656,0.48914031045777456,0.05115144715777465,0.6338238582015038,0.6316721208393574,0.1075868927873671,0.7778,0.7958,0.6019,2.1756,213.3904345035553
15,2,4.757373726360927e-05,0.5551508967365537,0.5539314138037817,0.060974102387470856,0.7103187248110772,0.708618377149105,0.08501769145950674,0.7767,0.7802,0.5829,2.1397,214.6750190258026
16,2,4.671762239271875e-05,0.46515457992042814,0.464200083059924,0.047724848985671996,0.5815494649112225,0.5797509245574475,0.08992692129686475,0.7859,0.8045,0.6102,2.2006,208.2056725025177
16,2,4.671762239271875e-05,0.5123758675796645,0.5115416684320995,0.04170996846098985,0.665069442987442,0.6636701345443725,0.06996547924354672,0.7862,0.7888,0.5944,2.1694,211.57878923416138
17,2,4.574284997074187e-05,0.44560290862407004,0.44471868968435696,0.0442109533585608,0.5361902460455894,0.534783661365509,0.07032949342392385,0.7946,0.813,0.6197,2.2273,207.5409049987793
17,2,4.574284997074187e-05,0.5367562210985592,0.5359417251178197,0.04072480469143817,0.6253761813044548,0.6243300989270211,0.05230387421324849,0.7937,0.795,0.6034,2.1921,207.17767572402954
18,2,4.465487132046673e-05,0.515949122607708,0.5150721471224512,0.04384879517768111,0.5002622753381729,0.49918185994029046,0.05402071103453636,0.8031,0.8198,0.6293,2.2522,204.30571269989014
18,2,4.465487132046673e-05,0.5176722040133817,0.5165791912802629,0.054650747323674816,0.5924720302224159,0.5917052634060382,0.03833829574286938,0.7986,0.8016,0.61,2.2103,184.28175687789917
19,2,4.345977085983074e-05,0.43239958861044475,0.4316471893872533,0.037619936785527636,0.46787089183926583,0.46705046519637106,0.04102148178499192,0.8117,0.8246,0.6338,2.2701,169.22615456581116
19,2,4.345977085983074e-05,0.4754257392670427,0.4746214072619166,0.04021662755736283,0.5649783216416836,0.5643750779330731,0.030162066454067826,0.8035,0.8059,0.6147,2.2241,148.05734491348267
20,2,4.2164232075387524e-05,0.43012617113334795,0.4294366704566138,0.034475192055106164,0.4374991573393345,0.43684261217713355,0.032827253779396416,0.8197,0.8317,0.6428,2.2943,147.58125066757202
20,2,4.2164232075387524e-05,0.45655259426151,0.45579178886754174,0.03804029951404248,0.540384440869093,0.5398699797689914,0.025723139476031064,0.8096,0.8122,0.622,2.2437,149.1713650226593
21,2,4.077550014553897e-05,0.3854353757841246,0.3848575224833829,0.0288927022633808,0.4099492318928242,0.40941850617527964,0.0265362684847787,0.8264,0.836,0.6472,2.3096,149.2306351661682
21,2,4.077550014553897e-05,0.40187234218631473,0.4012860425880977,0.029315078724175693,0.5094016529619694,0.5089448191225528,0.022841594740748407,0.8156,0.818,0.63,2.2636,146.4867069721222
22,2,3.930134142255874e-05,0.40472947167498724,0.4040504736559732,0.03394991716902171,0.3905995085835457,0.39015020802617073,0.02246488321106881,0.8323,0.8404,0.6529,2.3256,147.63060641288757
22,2,3.930134142255874e-05,0.41540548567261015,0.41476943961211615,0.03180242859359298,0.4838436856865883,0.4834380127489567,0.020283952401950956,0.8214,0.8245,0.6382,2.2841,147.39285373687744
23,2,3.775e-05,0.3957453420119626,0.3951159448495933,0.03146992195397615,0.37379733845591545,0.3733921967446804,0.020257079391740263,0.8381,0.8471,0.6606,2.3457,147.6463966369629
23,2,3.775e-05,0.41371833852359224,0.4130560058568205,0.033116674636091505,0.455086724460125,0.45473558083176613,0.01755715673789382,0.8278,0.8316,0.6486,2.3081,147.50940012931824
24,2,3.6130151608380175e-05,0.38094208921704975,0.38036115297249384,0.029046804843736545,0.3584205538034439,0.3580627702176571,0.017889275751076638,0.8445,0.8526,0.6693,2.3664,147.53043246269226
24,2,3.6130151608380175e-05,0.410799492256982,0.4102049467819078,0.029727341194770166,0.43204340487718584,0.43172489404678344,0.015925712510943414,0.8341,0.8384,0.6563,2.3289,147.35890102386475
25,2,3.445085509697668e-05,0.34370615993227277,0.3430737056902477,0.03162277422047087,0.3448724254965782,0.34455238878726957,0.016001846361905336,0.8506,0.8569,0.6756,2.3831,149.4084050655365
25,2,3.445085509697668e-05,0.4001329070223229,0.3995677190167563,0.028259300094630038,0.4115344911813736,0.4112464368343353,0.014402701146900653,0.8397,0.8448,0.6636,2.3481,148.08172178268433
26,2,3.2721501773067155e-05,0.3352282874286175,0.3346177651413849,0.030526212376675434,0.33021854385733607,0.32991446033120153,0.015204094001092017,0.8573,0.8623,0.6819,2.4016,148.3178117275238
26,2,3.2721501773067155e-05,0.3642884884029627,0.36374740675091743,0.02705413128382393,0.3898689322173595,0.38959848061203955,0.013522672839462757,0.846,0.8505,0.6708,2.3673,152.68020820617676
27,2,3.095176288192971e-05,0.38168271865163533,0.3811117692717484,0.02854733127169311,0.3177342668175697,0.3174490600824356,0.014260276989080011,0.8633,0.8684,0.6897,2.4214,158.9291205406189
27,2,3.095176288192971e-05,0.39730861186981203,0.39668833794338365,0.031013548666877406,0.36777801960706713,0.36752545088529587,0.012628393806517124,0.8518,0.8563,0.6793,2.3873,170.56718158721924
28,2,2.9151535521316283e-05,0.3531252895082746,0.3525676533579826,0.027881656334336313,0.3070492520928383,0.3067831560969353,0.013304939353838563,0.8682,0.8729,0.6949,2.4361,174.3561053276062
28,2,2.9151535521316283e-05,0.3602918122495924,0.35973028338381224,0.02807642635224121,0.35120139792561533,0.35095918253064157,0.012110976339317858,0.8567,0.8587,0.681,2.3964,189.26938605308533
29,2,2.7330887292867402e-05,0.3382123534168516,0.3375866478042943,0.03128522003202566,0.29818814918398856,0.2979376971721649,0.012522401148453354,0.8726,0.8759,0.7006,2.4492,189.09668612480164
29,2,2.7330887292867402e-05,0.3619504081351416,0.3613886118999549,0.028089832248432294,0.3364105403423309,0.33616800978779793,0.012126716272905468,0.861,0.8619,0.6845,2.4074,189.25666046142578
30,2,2.5500000000000003e-05,0.3432676065180983,0.3426909061414855,0.02883498320089919,0.29145049676299095,0.2912056714296341,0.012241313606500626,0.8763,0.88,0.7068,2.4631,190.1536419391632
30,2,2.5500000000000003e-05,0.3375675215252808,0.33696587234735487,0.030082426579403024,0.32241912484169005,0.3221737056970596,0.012270896579138935,0.8648,0.8658,0.6886,2.4193,190.1391294002533
31,2,2.3669112707132615e-05,0.3109610734241349,0.3104518861642906,0.025459351310772555,0.28497159034013747,0.28473488986492157,0.01183500438928604,0.8795,0.8827,0.7107,2.4729,187.76443529129028
31,2,2.3669112707132615e-05,0.3145297206938267,0.31402597438011853,0.025187344223793064,0.3093951836228371,0.3091482430696487,0.012346949591301382,0.8685,0.8697,0.6928,2.4309,179.6217188835144
32,2,2.1848464478683734e-05,0.3344925436590399,0.3339916276612452,0.025045805703848602,0.2788579724729061,0.27862637490034103,0.01157997027039528,0.8826,0.8853,0.715,2.4829,170.3962104320526
32,2,2.1848464478683734e-05,0.34139842332473824,0.3408546464783805,0.02718887806736997,0.2983269438147545,0.29807817861437796,0.01243822688702494,0.8721,0.8751,0.699,2.4461,161.89813327789307
33,2,2.00482371180703e-05,0.3106146585728441,0.3100767766790731,0.026893982969756636,0.2735347054898739,0.2733096402138472,0.011253458680585027,0.8857,0.8892,0.7195,2.4944,162.1236834526062
33,2,2.00482371180703e-05,0.30992557598011833,0.3094542737518038,0.023565146792680024,0.28865608274936677,0.2884065493941307,0.012476581730879843,0.8753,0.8789,0.7042,2.4584,161.36380314826965
34,2,1.8278498226932848e-05,0.31414607795221466,0.31370897186653957,0.02185526571369597,0.2671186026185751,0.26689815483987334,0.011022479902021588,0.8888,0.8933,0.7257,2.5078,163.34889888763428
34,2,1.8278498226932848e-05,0.33581669564758027,0.3353473898555551,0.02346525978563087,0.27898811995983125,0.2787394873797894,0.012431574612855911,0.8787,0.8831,0.7093,2.4711,163.83794140815735
35,2,1.6549144903023323e-05,0.2821174818490233,0.2816267731998648,0.02453549254153456,0.2601604159921408,0.2599464565515518,0.01069810448680073,0.892,0.8987,0.7322,2.5229,162.59975695610046
35,2,1.6549144903023323e-05,0.30026633042309964,0.29980749227106573,0.022941847797483206,0.2706657275557518,0.2704173855483532,0.012417148612439633,0.882,0.8864,0.7136,2.482,164.3432011604309
36,2,1.486984839161983e-05,0.2799776305577585,0.2795048963810716,0.0236367438520704,0.2529743567109108,0.25276894867420197,0.010270355036482215,0.8955,0.9019,0.7375,2.5348,168.3737576007843
36,2,1.486984839161983e-05,0.2953272518568805,0.2948766264532294,0.022531295248440334,0.26318554654717446,0.2629428364336491,0.012135549797676504,0.8851,0.8896,0.7178,2.4925,167.74055695533752
37,2,1.3250000000000007e-05,0.27772026333425726,0.27724662497639657,0.023681887039648634,0.2474477332085371,0.24725079350173473,0.009847002127207816,0.898,0.9034,0.7396,2.541,164.35837149620056
37,2,1.3250000000000007e-05,0.292424518934318,0.29197870407785687,0.02229070435943348,0.25629209280014037,0.25605910196900367,0.011649536597542465,0.8881,0.8934,0.7233,2.5048,160.59644269943237
38,2,1.1698658577441261e-05,0.2660169538642679,0.2655332062393427,0.02418746921632971,0.24118930846452713,0.24100041352212428,0.009444699599407613,0.901,0.9066,0.7443,2.5519,160.1757185459137
38,2,1.1698658577441261e-05,0.27566630467772485,0.2751933160637106,0.023649381659924983,0.24975257366895676,0.2495269790291786,0.011279725306667387,0.8911,0.8962,0.7279,2.5151,159.60953283309937
39,2,1.022449985446103e-05,0.27426927451576505,0.2737938674432891,0.02377028376130121,0.2352033980190754,0.23502370528876781,0.008984571951441468,0.904,0.9094,0.748,2.5614,154.4761905670166
39,2,1.022449985446103e-05,0.2849473722811256,0.2844781885721854,0.023459100616829737,0.24299173057079315,0.24277371019124985,0.010901131783612072,0.8942,0.8986,0.7303,2.5231,155.65623331069946
40,2,8.835767924612479e-06,0.25160476198153836,0.2511277836348329,0.023849004107926574,0.23101976625621318,0.23084699362516403,0.008638581400737167,0.9065,0.9118,0.7523,2.5706,157.0695297718048
40,2,8.835767924612479e-06,0.2627860167196819,0.2623522515807833,0.021688235657555715,0.23698302656412124,0.23677428737282752,0.010437073605135083,0.8971,0.9007,0.7338,2.5316,147.5453667640686
41,2,7.540229140169254e-06,0.2510750418262822,0.25064182999942985,0.02166055937164596,0.2270213782787323,0.22685284353792667,0.008426725980825722,0.9088,0.9135,0.7551,2.5775,150.2603964805603
41,2,7.540229140169254e-06,0.25327978182051863,0.2528732134295361,0.020328404435089657,0.23088768050074576,0.23068658486008645,0.010054739844053983,0.9002,0.9036,0.7378,2.5415,154.10112524032593
42,2,6.345128679533272e-06,0.23285365482526166,0.23237008388553346,0.024178527967472163,0.22353600077331065,0.22337022759020328,0.008288674289360642,0.9109,0.9152,0.7579,2.584,155.62389540672302
42,2,6.345128679533272e-06,0.23939965670662267,0.23893988664661134,0.022988516345087973,0.22518182471394538,0.22498866990208627,0.009657747251912952,0.903,0.9067,0.7423,2.552,155.70680713653564
43,2,5.2571500292581216e-06,0.2391896455947842,0.23876284084149768,0.02134024228767625,0.22058190405368805,0.22041897140443326,0.008146646688692272,0.9127,0.9162,0.7596,2.5884,156.22629952430725
43,2,5.2571500292581216e-06,0.23812132488404,0.2376675379595586,0.022689359255933336,0.21989263072609902,0.21970638483762742,0.009312409826088696,0.9056,0.9093,0.7457,2.5605,156.2580075263977
44,2,4.282377607281257e-06,0.2592249252966472,0.25878674973334587,0.021908808313310147,0.2178409866988659,0.2176815927028656,0.007969695888459683,0.9143,0.9173,0.7613,2.5929,150.39193987846375
44,2,4.282377607281257e-06,0.25188248210719655,0.2514488239905664,0.021682860861931528,0.21512314230203627,0.2149435833096504,0.0089779038913548,0.908,0.9119,0.7504,2.5703,148.52456545829773
45,2,3.426262736390734e-06,0.23454851529427936,0.2341047050697463,0.022190509663362588,0.21548101864755154,0.21532567106187345,0.007767353509552777,0.9155,0.9182,0.7632,2.5969,150.01830220222473
45,2,3.426262736390734e-06,0.23693151489964553,0.23652171109403883,0.02049017742475761,0.21065484508872032,0.21048125624656677,0.008679460128769278,0.9101,0.9139,0.7529,2.577,153.2229197025299
46,2,2.6935931582169936e-06,0.23192276363926276,0.23145729654601643,0.023273343759189758,0.21336220502853392,0.21320858262479306,0.007681152503937483,0.9165,0.919,0.7646,2.6001,153.76469349861145
46,2,2.6935931582169936e-06,0.2411152924810137,0.2406867702092443,0.0214260904650603,0.20693907849490642,0.2067703403532505,0.008436870342120529,0.912,0.9157,0.7558,2.5835,152.71948194503784
47,2,2.0884662582395564e-06,0.2449925939951624,0.2445404833980969,0.022605482868051956,0.21077511310577393,0.21062461510300637,0.007524852221831679,0.9176,0.9202,0.7667,2.6045,154.25923585891724
47,2,2.0884662582395564e-06,0.2478864034903901,0.24745953482176578,0.02134343720972538,0.20326365083456038,0.20309883095324038,0.008240975148510188,0.9138,0.9171,0.7582,2.5891,155.66187477111816
48,2,1.6142661515453216e-06,0.22823719855930125,0.22779193515224117,0.02226321855559945,0.2091537531465292,0.20900682285428046,0.007346510631032288,0.9184,0.9208,0.7674,2.6067,161.99024987220764
48,2,1.6142661515453216e-06,0.22114821768232754,0.22072019119347844,0.021401368374271052,0.20036015436053276,0.20019910782575606,0.008052348159253597,0.9154,0.9185,0.7611,2.595,156.18944120407104
49,2,1.2736447574843512e-06,0.22319483682513236,0.22273604220577647,0.022939752135425807,0.2078579917550087,0.20771449916064738,0.007174641801975667,0.9192,0.9212,0.7683,2.6087,151.90772819519043
49,2,1.2736447574843512e-06,0.22874391643064362,0.2282956318131515,0.02241427771347974,0.19797361865639687,0.19781577587127686,0.007892144471406936,0.9167,0.9195,0.7625,2.5987,150.9769790172577
50,2,1.0685069690610867e-06,0.24558313776339805,0.24514839904648916,0.02173692337902529,0.20679121203720569,0.20665030591189862,0.007045206718612462,0.9198,0.9212,0.7688,2.6098,149.43619751930237
50,2,1.0685069690610867e-06,0.2621371081897191,0.26169409730604715,0.022150540704439795,0.19600187689065934,0.19584672413766385,0.007757702772505581,0.9178,0.9205,0.7647,2.603,89.28497910499573
1,1,0.0003,1.5471184240920204,1.535282519033977,0.5917953575029969,3.8863545835018156,3.8858520567417143,0.02512514777481556,0.5718,0.5681,0.3942,1.5342,81.93176484107971
2,1,0.0003,1.2262175393956047,1.2139984739678247,0.6109533235962902,3.367736500501633,3.36730851829052,0.021399776730686427,0.4902,0.4888,0.3455,1.3244,42.380812644958496
2,1,0.0003,1.21257629266807,1.20106038749218,0.5757953715111528,3.4306964457035063,3.4303995698690413,0.014844063483178616,0.5174,0.527,0.378,1.4224,42.489837646484375
3,1,0.0003,1.1860576233693532,1.1674145592110499,0.9321533947118691,3.2874996960163116,3.285186466574669,0.11566088050603866,0.2763,0.2972,0.2106,0.784,38.89738082885742
3,1,0.0003,1.1168752465929304,1.1107085866587503,0.308332696929574,3.018830358982086,3.01824272274971,0.029383569210767745,0.4397,0.4489,0.3137,1.2022,39.15070915222168
4,1,0.0003,1.1044965288468769,1.0944219146456038,0.5037305082593645,2.6907897919416426,2.6864254087209702,0.21821871399879456,0.1811,0.1835,0.1247,0.4893,38.93493986129761
4,1,0.0003,1.0392956834818636,1.0311162142881325,0.40897340338144983,2.5883203476667402,2.586893194913864,0.0713578775525093,0.4709,0.4758,0.339,1.2857,38.68061017990112
5,1,0.0003,1.0656312963792256,1.0531445720366068,0.6243365061602422,2.177086867392063,2.171288216114044,0.28993294909596445,0.2194,0.173,0.1239,0.5162,38.9286253452301
5,1,0.0003,1.0967245021036693,1.0853630521467754,0.5680726585643632,2.254310254752636,2.2524699926376344,0.09201343394815922,0.5876,0.6029,0.4241,1.6147,38.91162037849426
6,2,1.6666666666666667e-05,0.8838154743824687,0.8703070641628333,0.675420545893056,1.856787483394146,1.8507431134581567,0.3022184446454048,0.3963,0.4795,0.3415,1.2173,42.47636008262634
6,2,1.6666666666666667e-05,0.9446795159152576,0.9387608651603971,0.2959325791469642,1.846199604868889,1.8451680034399032,0.05158056542277336,0.6736,0.6882,0.5018,1.8636,42.92519998550415
7,2,3.3333333333333335e-05,0.7167007714509964,0.7001395429883684,0.8280615244592939,1.4262184977531434,1.4257940024137497,0.02122497707605362,0.5559,0.6117,0.4302,1.5978,42.659366846084595
7,2,3.3333333333333335e-05,0.7917327985167504,0.7870708578399249,0.23309701303286212,1.4664705574512482,1.4663361042737961,0.006722691922914237,0.6343,0.6284,0.46,1.7227,43.270479679107666
8,2,5e-05,0.6624946313244956,0.6463272882359369,0.8083671579935721,1.2981532618403435,1.2971231102943421,0.05150749310851097,0.5696,0.5505,0.3813,1.5014,45.59415578842163
8,2,5e-05,0.686484532058239,0.6825762712529727,0.19541298768350057,1.2064363673329352,1.2059512689709664,0.02425477737560868,0.6219,0.6193,0.4482,1.6894,45.36773180961609
9,2,5e-05,0.7293483180659158,0.7262068959219116,0.1570709341604795,1.0761442840099336,1.074399682879448,0.08723007552325726,0.6266,0.6413,0.4555,1.7233,39.19670271873474
9,2,5e-05,0.6796191487993513,0.6703631380839007,0.46280058452061246,1.1495244339108468,1.1453875869512558,0.20684144869446755,0.6175,0.6702,0.4766,1.7644,39.240049600601196
10,2,4.998571704797127e-05,0.6280114637953894,0.6265928191798074,0.07093223139111485,1.0294059619307518,1.0272625759243965,0.1071690209209919,0.6522,0.6884,0.495,1.8356,40.81287455558777
10,2,4.998571704797127e-05,0.6371300854853221,0.6339911937713623,0.15694454865796226,1.0507480770349502,1.0460723459720611,0.23378645181655883,0.6415,0.6799,0.4883,1.8096,40.74672055244446
11,2,4.9942884845168216e-05,0.6214191935956478,0.6198962884289878,0.07614522310239928,0.9880007997155189,0.9860816970467567,0.09595540650188923,0.699,0.7367,0.5419,1.9776,50.62908124923706
11,2,4.9942884845168216e-05,0.5332124322652817,0.5311856197459357,0.10134056080132722,0.966297721862793,0.9624375537037849,0.19300887323915958,0.6709,0.6924,0.4939,1.8572,51.04264307022095
12,2,4.9871553332023326e-05,0.5887423426977225,0.5861514373549394,0.1295452438827072,0.9260956317186355,0.9250895515084266,0.050303947553038596,0.7362,0.7762,0.5778,2.0902,44.069323778152466
12,2,4.9871553332023326e-05,0.5351070789354188,0.5330828941294126,0.10120944939553737,0.8912358924746513,0.8881933361291885,0.1521279588341713,0.7111,0.7386,0.5367,1.9865,44.368067026138306
13,2,4.977180567789011e-05,0.5407965795270034,0.5397851769413267,0.05057018480396697,0.8495754554867745,0.8489424392580986,0.03165087066590786,0.7533,0.7952,0.5985,2.1471,42.06586241722107
13,2,4.977180567789011e-05,0.49046755411795206,0.48926628508738107,0.060063363691525797,0.8210769146680832,0.8183625385165214,0.1357186209410429,0.7385,0.7711,0.5708,2.0804,42.09355854988098
14,2,4.9643758184071324e-05,0.5339730735336031,0.5326730617455073,0.0650006901605853,0.7743299514055252,0.7735306814312934,0.03996340865269303,0.763,0.8002,0.6038,2.167,41.15419006347656
14,2,4.9643758184071324e-05,0.4821374805910247,0.48066103053944453,0.07382255095456328,0.759160865843296,0.7567185997962952,0.1221132967621088,0.7509,0.7834,0.5868,2.1211,41.53617572784424
15,2,4.9487560148216916e-05,0.520395107780184,0.5192175066896847,0.05887989783659577,0.7041675537824631,0.7030730620026588,0.054724569991230966,0.7739,0.8068,0.6128,2.1935,41.667508363723755
15,2,4.9487560148216916e-05,0.4893786615559033,0.48761961119515557,0.08795259829078401,0.6949145913124084,0.6924370005726814,0.12387965172529221,0.7659,0.7928,0.5981,2.1569,41.46855688095093
16,2,4.930339369024957e-05,0.5007969791335719,0.5000191901411329,0.03888943281822971,0.6339900396764279,0.6327842436730862,0.060289888805709776,0.7841,0.8134,0.6217,2.2192,42.32324171066284
16,2,4.930339369024957e-05,0.49716534678425106,0.49601912881646837,0.05731077220823084,0.6430327147245407,0.6405443884432316,0.12441673651337623,0.778,0.7976,0.6017,2.1774,42.4633047580719
17,2,4.909147354002109e-05,0.510925056040287,0.5100088157824108,0.045812113875789304,0.5734407298266888,0.5723930537700653,0.0523837614338845,0.7958,0.8196,0.6292,2.2446,44.065003395080566
17,2,4.909147354002109e-05,0.46928681646074566,0.46828432636601586,0.050124549573021274,0.5991666659712791,0.596726044267416,0.12203115038573742,0.7888,0.8007,0.6061,2.1955,44.19055247306824
18,2,4.885204678694694e-05,0.5274277650884219,0.5266630593155112,0.03823529807850719,0.5296095848083496,0.5287753514945507,0.04171155788935721,0.8048,0.8241,0.6363,2.2652,43.9019718170166
18,2,4.885204678694694e-05,0.45984504904065815,0.4588732651301793,0.04858924542952861,0.5629737861454487,0.5606920652091503,0.11408601738512517,0.7976,0.8026,0.6094,2.2095,44.38934254646301
19,2,4.8585392591911105e-05,0.45217422395944595,0.45146220730883735,0.0356007080791252,0.4934394121170044,0.4927787981927395,0.033030790649354456,0.8106,0.825,0.6385,2.2741,43.57943391799927
19,2,4.8585392591911105e-05,0.4455640049917357,0.4445605828293732,0.050171045293765405,0.5268324911594391,0.5247572481632232,0.10376205779612065,0.8051,0.8061,0.6146,2.2258,43.8876097202301
20,2,4.829182186177691e-05,0.4436249392373221,0.442992034980229,0.03164512366056442,0.46341693252325056,0.4628589406609535,0.0278999169357121,0.8165,0.8281,0.6422,2.2868,43.57436752319336
20,2,4.829182186177691e-05,0.42503366502267975,0.42418934968965394,0.0422157403879932,0.4942376293241978,0.4923974938690662,0.09200672544538975,0.8128,0.8112,0.6217,2.2457,43.80011796951294
21,2,4.7971676886883606e-05,0.43985577183110375,0.43914067266242846,0.035754840515021764,0.44044903814792635,0.4399482011795044,0.025041923625394702,0.8203,0.83,0.6451,2.2954,44.072633028030396
21,2,4.7971676886883606e-05,0.3873582616448402,0.38662333115935327,0.036746615637093784,0.45852667167782785,0.45684084594249724,0.08429141119122505,0.8205,0.8165,0.627,2.264,44.0426287651062
22,2,4.7625330941951054e-05,0.4810882104294641,0.4803386224167688,0.03747954625370247,0.42278253436088564,0.42232889086008074,0.022682100441306828,0.8245,0.8332,0.6477,2.3053,45.94004154205322
22,2,4.7625330941951054e-05,0.41329326161316465,0.4125604369810649,0.036641230766794514,0.4330329567193985,0.4315556168556213,0.07386700995266438,0.8276,0.8221,0.6333,2.283,46.58296871185303
23,2,4.725318785085819e-05,0.41384025897298543,0.4132465554135186,0.029685229023120232,0.4082082711160183,0.40778646245598793,0.021090520033612847,0.8283,0.8344,0.6498,2.3125,50.084490060806274
23,2,4.725318785085819e-05,0.3974322838442666,0.396729291336877,0.03514962002102818,0.40905753895640373,0.4077535428106785,0.06520000752061605,0.8338,0.8269,0.6389,2.2996,50.408801317214966
24,2,4.685568151580241e-05,0.4075881457754544,0.4068647566650595,0.03616949895929013,0.3953945651650429,0.39499625116586684,0.019915534160099925,0.832,0.8382,0.6551,2.3253,44.72835373878479
24,2,4.685568151580241e-05,0.3818431940461908,0.3811539795781885,0.034460665325501134,0.3893926739692688,0.38827475607395173,0.05589591283351183,0.8392,0.8291,0.6411,2.3094,44.85618996620178
25,2,4.6433275411388974e-05,0.39452416726521083,0.3939547595168863,0.028470420837402345,0.3837329775094986,0.383360256254673,0.018636080203577876,0.8354,0.8434,0.6602,2.339,44.29120397567749
25,2,4.6433275411388974e-05,0.36915827861854006,0.36850535443850924,0.03264620512990015,0.3707225382328033,0.36977444142103194,0.047405026666820047,0.8448,0.8339,0.6459,2.3247,44.484455585479736
26,2,4.598646204424042e-05,0.381931354158691,0.38137653544545175,0.027740872079240423,0.37226793467998504,0.371911846101284,0.017804529517889023,0.8389,0.8474,0.6672,2.3535,44.67167615890503
26,2,4.598646204424042e-05,0.35674799020801273,0.35608036613890104,0.03338126274091857,0.35412470176815986,0.3532866068184376,0.041904752235859634,0.8501,0.8385,0.6515,2.3401,44.97753691673279
27,2,4.5515762378755836e-05,0.36893569880298205,0.3683360617075648,0.029981890467128583,0.36111202389001845,0.3607743069529533,0.0168858062941581,0.8428,0.852,0.672,2.3668,45.83467197418213
27,2,4.5515762378755836e-05,0.35753291962402206,0.3568748630583286,0.03290289057684796,0.3388765543699265,0.3381317712366581,0.037239283137023446,0.8549,0.8427,0.6567,2.3543,46.0013370513916
28,2,4.5021725229689665e-05,0.3873662816626685,0.38679710009268353,0.02845902047785265,0.350973529368639,0.3506386481225491,0.016743990126997232,0.8464,0.8557,0.6755,2.3776,44.94614911079407
28,2,4.5021725229689665e-05,0.4086765595844814,0.4080071914408888,0.0334683878879462,0.32822228968143463,0.3275539018213749,0.03341949339956045,0.8582,0.8487,0.6649,2.3717,44.9713978767395
29,2,4.450492662225829e-05,0.34109225368925505,0.3405070114348616,0.029262145768318856,0.34090210050344466,0.3405807316303253,0.016068400349467993,0.8501,0.8594,0.6807,2.3902,44.96166229248047
29,2,4.450492662225829e-05,0.3333416796156338,0.3327108963259629,0.03153910948229688,0.31793407052755357,0.3173100478947163,0.03120106216520071,0.8614,0.8531,0.671,2.3855,44.92522740364075
30,2,4.396596912052035e-05,0.3539928896618741,0.35338469003992423,0.03041001937485167,0.33289984837174413,0.33258725255727767,0.015629620291292667,0.8534,0.8628,0.6856,2.4018,44.54201006889343
30,2,4.396596912052035e-05,0.3289133161306381,0.3282425083220005,0.033540439885109664,0.30752517133951185,0.3069093607366085,0.030790599435567854,0.8645,0.8576,0.6771,2.3992,44.749454736709595
31,2,4.340548112481404e-05,0.3415901960006782,0.34106913815651624,0.026052786675947053,0.3236842751502991,0.3233753502368927,0.015446259081363678,0.8572,0.8648,0.6876,2.4096,46.51615524291992
31,2,4.340548112481404e-05,0.34969773037093027,0.3489740118384361,0.03618592736976487,0.299119571596384,0.29852880612015725,0.029538333881646395,0.8677,0.8625,0.6843,2.4146,46.52946758270264
32,2,4.2824116139070415e-05,0.35117926746606826,0.35069658554026056,0.024134076666086912,0.31676050275564194,0.31644759625196456,0.01564526786096394,0.8606,0.8672,0.6905,2.4183,47.03504800796509
32,2,4.2824116139070415e-05,0.3399810590914318,0.339381656902177,0.029970049898007087,0.2917871572077274,0.29123258367180827,0.027728701615706085,0.8706,0.8675,0.6899,2.4281,47.2442786693573
33,2,4.222255200885703e-05,0.3487465673259326,0.348175924377782,0.028532101825944015,0.312024512141943,0.311702236533165,0.01611376153305173,0.8636,0.8706,0.6946,2.4289,46.77598738670349
33,2,4.222255200885703e-05,0.31763150191732814,0.31698501578399113,0.03232425734666841,0.28306895717978475,0.28253403306007385,0.02674631020054221,0.8745,0.8728,0.6968,2.444,46.76015257835388
34,2,4.1601490131040324e-05,0.3540500140615872,0.35357864052057264,0.023568624211475254,0.30546755343675613,0.3051400870084763,0.01637323065660894,0.8672,0.8741,0.6992,2.4405,48.04636263847351
34,2,4.1601490131040324e-05,0.3571989456457751,0.3566521103893008,0.027341836338330594,0.27416073977947236,0.2736704833805561,0.024512704042717815,0.8785,0.8771,0.7039,2.4595,48.076340198516846
35,2,4.096165463598829e-05,0.3173723698726722,0.31686838098934716,0.02519951199314424,0.30042439252138137,0.3000945396721363,0.016492468072101474,0.8701,0.876,0.7017,2.4478,45.07624697685242
35,2,4.096165463598829e-05,0.3104253962635994,0.3097911716571876,0.03171122052839824,0.2667283542454243,0.2662854392081499,0.022145687509328126,0.882,0.8824,0.7109,2.4753,45.05613040924072
36,2,4.0303791543266814e-05,0.3680726209921496,0.36756117333258903,0.025572387874126433,0.2950729578733444,0.29475060254335406,0.016118024429306387,0.8734,0.879,0.7058,2.4582,47.63489651679993
36,2,4.0303791543266814e-05,0.3506315757121359,0.350061500285353,0.02850372271080102,0.2589112002402544,0.25850145779550077,0.020487223751842976,0.8859,0.8863,0.7162,2.4884,47.67622375488281
37,2,3.9628667891814236e-05,0.32702109994632855,0.3264994296644415,0.026083530698503766,0.2920821227133274,0.291775993257761,0.015306540671736002,0.8753,0.8803,0.7082,2.4638,47.53113532066345
37,2,3.9628667891814236e-05,0.29925129216696533,0.2986147586256266,0.031826677838606494,0.2529937535524368,0.25261868722736835,0.01875331308692694,0.8889,0.8903,0.7212,2.5003,47.16094660758972
38,2,3.89370708456083e-05,0.33537368529609274,0.33485699338572367,0.025834555059139216,0.2878374345600605,0.2875408910214901,0.014827193832024932,0.8775,0.8818,0.7113,2.4706,47.0941104888916
38,2,3.89370708456083e-05,0.31832553637879235,0.3177476877612727,0.028892483455794198,0.24782481864094735,0.2474716018885374,0.017660797806456685,0.8918,0.8933,0.7257,2.5108,47.529301404953
39,2,3.822980677586811e-05,0.30600487057651793,0.30554848994527545,0.022819085997928465,0.28417089581489563,0.2838806927204132,0.014510167483240365,0.8802,0.8836,0.7142,2.478,46.576791524887085
39,2,3.822980677586811e-05,0.2896643195833479,0.289200325523104,0.023199704801663758,0.24263297207653522,0.24229989312589167,0.01665387151297182,0.8947,0.8965,0.7313,2.5224,46.60694670677185
40,2,3.750770032086142e-05,0.32024005204439165,0.3198107848209994,0.02146339988602059,0.2797716625034809,0.2794943742454052,0.01386445660609752,0.8827,0.8859,0.7186,2.4872,48.847365617752075
40,2,3.750770032086142e-05,0.2826185134904725,0.28213171613003524,0.024339792711128082,0.2360595714300871,0.23574189506471158,0.015883777709677815,0.898,0.8994,0.7361,2.5336,48.22935104370117
41,2,3.6771593424413224e-05,0.3094903259937252,0.3090926299669913,0.019884829708774174,0.2760294206440449,0.27576295360922815,0.013323217164725065,0.8854,0.8885,0.7221,2.496,48.412803649902344
41,2,3.6771593424413224e-05,0.32258860734956607,0.3221221538526671,0.023322766793093513,0.22948863878846168,0.22920247428119184,0.014308178727515043,0.9012,0.9035,0.7418,2.5465,48.41258215904236
42,2,3.6022344354237e-05,0.2935744531452656,0.2931143808577742,0.023003662690254195,0.26934638768434527,0.26909554973244665,0.012541924347169697,0.8883,0.8906,0.7248,2.5037,46.795875549316406
42,2,3.6022344354237e-05,0.2892350720507758,0.28873348725693565,0.025079157669097185,0.22431398555636406,0.22404905185103416,0.013246674928814173,0.9037,0.9054,0.7444,2.5535,46.51621770858765
43,2,3.526082670123291e-05,0.27438227981328966,0.27396610411150113,0.0208087622720216,0.261995829641819,0.2617600321769714,0.0117900445824489,0.8912,0.8933,0.7294,2.5139,46.28249382972717
43,2,3.526082670123291e-05,0.276368376453008,0.27587353384920527,0.02474212445584791,0.22039575167000294,0.22014731168746948,0.012422085041180253,0.9059,0.9084,0.7486,2.5629,47.096476793289185
44,2,3.448792836091989e-05,0.3208834252187184,0.32045188939997127,0.021576797802533423,0.2567267119884491,0.25650240778923034,0.011215194896794855,0.8937,0.8961,0.7332,2.523,48.09217596054077
44,2,3.448792836091989e-05,0.3236819304525852,0.32318525867802755,0.02483372394926846,0.21759286038577558,0.21735704503953457,0.01179066076874733,0.9077,0.9098,0.7508,2.5683,48.50381588935852
45,2,3.370455049818916e-05,0.2649429406438555,0.26454537670527184,0.019878234388306736,0.2507146388292313,0.2504950679838657,0.010978509089909494,0.8962,0.8992,0.7371,2.5324,50.047016620635986
45,2,3.370455049818916e-05,0.2571857980319432,0.2567485979625157,0.021860069269314407,0.2151040330529213,0.2148844890296459,0.010977124725468457,0.9091,0.9106,0.7526,2.5724,50.19499135017395
46,2,3.2911606496586355e-05,0.3157987415790558,0.3153644784220627,0.021713113971054555,0.2444240815937519,0.24421033151447774,0.010687319724820555,0.8985,0.9004,0.7383,2.5372,50.6860671043396
46,2,3.2911606496586355e-05,0.2886541611381939,0.2881452934018203,0.025443378356950624,0.21206262558698655,0.2118587963283062,0.010191509500145912,0.9105,0.9112,0.7534,2.5751,50.3786997795105
47,2,3.211002089334709e-05,0.27656291207032546,0.2761401131216969,0.021139937226793595,0.23770787715911865,0.23749546743929387,0.010620551696047188,0.9008,0.9022,0.7416,2.5446,47.95691466331482
47,2,3.211002089334709e-05,0.2765680267342499,0.2761178313621453,0.02250972716137767,0.2088571697473526,0.20866453982889652,0.009631484397687018,0.9121,0.9131,0.756,2.5812,48.44670915603638
48,2,3.130072830142794e-05,0.27281425797513553,0.2724323390849999,0.019096039900822297,0.23204049579799174,0.23182905912399293,0.010571932373568415,0.9032,0.9041,0.745,2.5523,50.448612689971924
48,2,3.130072830142794e-05,0.25179805021200863,0.25140016196029524,0.019894423302529114,0.2058826196938753,0.20569430887699128,0.009415497886948287,0.9141,0.9136,0.757,2.5847,51.336480379104614
49,2,3.0484672319789523e-05,0.2809691539832524,0.28052281008235047,0.022317220137587617,0.2274996753782034,0.22728582769632338,0.010692420322448016,0.9055,0.9052,0.7459,2.5566,48.01339840888977
49,2,3.0484672319789523e-05,0.265052803126829,0.26462909057736395,0.021185669296288064,0.20365933179855347,0.20347705222666262,0.009114009095355868,0.9157,0.9157,0.7606,2.5921,47.89920377731323
50,2,2.966280443320233e-05,0.2743877353412764,0.27395068742334844,0.021852450152593,0.2230100069195032,0.22279802560806275,0.01059903372079134,0.9074,0.9082,0.7508,2.5664,48.08745074272156
50,2,2.966280443320233e-05,0.2586153061262199,0.2581285971615996,0.024335422513208218,0.20152458995580674,0.2013508588075638,0.00868658812250942,0.9171,0.9175,0.7634,2.598,48.26948952674866
51,2,2.8836082902858037e-05,0.24163586162030698,0.2412476041487285,0.019412834257153528,0.22088423296809195,0.22067189477384092,0.010616899468004704,0.9088,0.9098,0.7532,2.5717,47.707157611846924
51,2,2.8836082902858037e-05,0.24303709002477783,0.2426100766552346,0.021350598641272103,0.20044624097645283,0.2002750352025032,0.008560275961644947,0.9183,0.9191,0.7657,2.6031,47.17164587974548
52,2,2.800547164907984e-05,0.2635949270533664,0.26319574873362267,0.019958974780248745,0.21856410130858422,0.21835683286190033,0.010363459342624993,0.9101,0.9121,0.7569,2.579,53.95573973655701
52,2,2.800547164907984e-05,0.23570117396967752,0.23529449350067547,0.02033403195174677,0.19832073599100114,0.19815367609262466,0.0083529552211985,0.9197,0.9205,0.7686,2.6088,53.82166934013367
53,2,2.7171939127434443e-05,0.2681833522660392,0.26780475207737514,0.018930027627253106,0.21599263437092303,0.21578765027225016,0.010249189811293035,0.9114,0.9133,0.7593,2.584,47.82603621482849
53,2,2.7171939127434443e-05,0.2505202279559204,0.2500988058745861,0.021071062496464166,0.19651572071015835,0.19634944573044777,0.008313640556298196,0.9211,0.9219,0.7712,2.6142,47.8602409362793
54,2,2.6336457199556212e-05,0.24952884082283291,0.24913972169160842,0.01945593555324844,0.21412970423698424,0.2139297354966402,0.009998405654914676,0.9125,0.9145,0.7604,2.5874,48.7256498336792
54,2,2.6336457199556212e-05,0.2472829306764262,0.2469003722603832,0.019127836703721965,0.19605939388275145,0.19589449167251588,0.008245113911107183,0.9223,0.9224,0.7721,2.6168,48.79095792770386
55,2,2.55e-05,0.25801514972533496,0.2576125421694347,0.020130388219175593,0.2128905400633812,0.21269160881638527,0.009946469508577138,0.9133,0.9157,0.7615,2.5905,47.92732882499695
55,2,2.55e-05,0.24830100509737218,0.24787050448358058,0.02152501391912145,0.19582220613956453,0.1956557597965002,0.008322277525439858,0.923,0.9235,0.7739,2.6204,47.443954944610596
56,2,2.4663542800443787e-05,0.28067244940570424,0.2802349297861968,0.021875910820173365,0.21143327243626117,0.21124833673238755,0.009246783901471645,0.9141,0.9165,0.7628,2.5934,49.17318916320801
56,2,2.4663542800443787e-05,0.260780007259122,0.26033776796289854,0.022111893046115126,0.19528512582182883,0.19512098282575607,0.008207217301242053,0.9237,0.9239,0.7756,2.6231,49.89803123474121
57,2,2.3828060872565563e-05,0.2748526658330645,0.27448707739157335,0.01827937940002552,0.20930448211729527,0.20913494266569616,0.00847701090388,0.9152,0.9173,0.7641,2.5966,55.42913317680359
57,2,2.3828060872565563e-05,0.24365162311920097,0.24328568271760428,0.018296986472393785,0.19345268234610558,0.19328989014029502,0.008139789267443121,0.9245,0.9241,0.7757,2.6242,55.043087005615234
58,2,2.2994528350920164e-05,0.22850570295538222,0.22813742378992694,0.018413989498679128,0.20766247175633906,0.20750301629304885,0.007972757332026958,0.916,0.9179,0.765,2.5989,54.831133127212524
58,2,2.2994528350920164e-05,0.21663438895983356,0.21621103595410074,0.021167640487796496,0.19184846989810467,0.19168431796133517,0.008207681658677756,0.9251,0.9248,0.7769,2.6268,54.968250036239624
59,2,2.2163917097141956e-05,0.20911006789122308,0.20879611617752483,0.015697565754609448,0.20607270039618014,0.20592404529452324,0.007432597654405982,0.917,0.9192,0.7663,2.6025,50.161059617996216
59,2,2.2163917097141956e-05,0.19727026937263353,0.1968897806746619,0.019024426297151616,0.19058475121855736,0.19042059667408467,0.008207704010419547,0.9254,0.9248,0.7768,2.627,51.30877995491028
60,2,2.133719556679767e-05,0.26463620173079627,0.2642682594912393,0.018397101191138583,0.20423582047224045,0.2040976036339998,0.006910760491155088,0.9181,0.9202,0.7677,2.606,54.02976059913635
60,2,2.133719556679767e-05,0.22443127680037703,0.22401301647935595,0.02091304776923997,0.1894306421279907,0.18926435373723507,0.008314458862878382,0.9259,0.9254,0.7776,2.629,54.115936517715454
61,2,2.0515327680210473e-05,0.2643624289759568,0.2640566057392529,0.015291147293256861,0.20301950983703138,0.20288780145347118,0.006585407693637535,0.919,0.9213,0.7695,2.6098,58.44121074676514
61,2,2.0515327680210473e-05,0.22923690506390162,0.22888354063034058,0.01766820856303509,0.1884121771901846,0.18824610859155655,0.008303402725141495,0.9266,0.9257,0.7783,2.6306,58.12909555435181
62,2,1.9699271698572056e-05,0.22533233038016728,0.2250059456697532,0.016319253980847343,0.20166863054037093,0.20154380165040492,0.00624143899185583,0.9198,0.9225,0.7713,2.6136,63.05712080001831
62,2,1.9699271698572056e-05,0.21331518755427428,0.21291151866316796,0.020183429208451082,0.18744479939341546,0.18727984987199306,0.00824747517472133,0.9271,0.9258,0.7789,2.6317,63.27907633781433
63,2,1.888997910665291e-05,0.24076562401439464,0.24044934638908932,0.015813882183283567,0.20072663016617298,0.20060595944523812,0.006033565092366189,0.9205,0.9233,0.7724,2.6162,56.51576495170593
63,2,1.888997910665291e-05,0.24918928508247648,0.24883112561489854,0.017907968921852962,0.18754230029881,0.18737518265843392,0.008355797408148647,0.9273,0.9258,0.7786,2.6318,56.139713287353516
64,2,1.808839350341364e-05,0.21787919428731714,0.21755326108208725,0.016296600424019352,0.2003502707928419,0.20023457743227482,0.005784615012817085,0.9213,0.9238,0.7731,2.6181,54.00691342353821
64,2,1.808839350341364e-05,0.21106407770088742,0.2106651911245925,0.019944338952856404,0.18691095039248468,0.18674352690577506,0.008371214766521006,0.9279,0.9262,0.7798,2.634,54.97407555580139
65,2,1.729544950181084e-05,0.2314881400338241,0.23117649895804268,0.015582047469381775,0.1993901889771223,0.19928014129400254,0.005502325249835849,0.9223,0.9244,0.774,2.6207,54.890947580337524
65,2,1.729544950181084e-05,0.213124058129532,0.2127578023022839,0.01831278600730002,0.1860021583735943,0.18583677411079408,0.008269224816467613,0.9287,0.927,0.7814,2.6372,54.821223974227905
66,2,1.651207163908012e-05,0.21785867304674217,0.21754507539527757,0.01567985388849463,0.19947518929839134,0.1993680391460657,0.005357471498427913,0.923,0.9249,0.7742,2.6221,54.33411407470703
66,2,1.651207163908012e-05,0.19636051127953189,0.1960123917886189,0.01740596637661968,0.18675774447619914,0.18659186437726022,0.00829396037152037,0.9294,0.9279,0.7829,2.6402,53.83968186378479
67,2,1.5739173298767084e-05,0.2227899973413774,0.22245742503021446,0.01662861120088824,0.19951674491167068,0.19940919168293475,0.005377597850747406,0.9236,0.9255,0.7755,2.6245,54.759984731674194
67,2,1.5739173298767084e-05,0.22131902884159768,0.22097277364560536,0.017312803811260633,0.18736999705433846,0.18720349818468093,0.008325034915469588,0.9298,0.9275,0.7823,2.6396,54.69578289985657
68,2,1.4977655645762995e-05,0.2252813189157418,0.22496870213321277,0.015630868695942417,0.19798631742596626,0.19787953458726407,0.0053392555040773,0.9244,0.9259,0.776,2.6263,56.85530686378479
68,2,1.4977655645762995e-05,0.22806535458990507,0.22769182686294828,0.018676381365263037,0.18620317205786704,0.1860370296984911,0.00830715401098132,0.9305,0.9286,0.7838,2.6429,56.523104190826416
69,2,1.4228406575586771e-05,0.1988555435091257,0.1985156588256359,0.016994262712874582,0.19651603363454342,0.19641076289117337,0.0052635939151514325,0.9253,0.9265,0.7767,2.6286,55.801005363464355
69,2,1.4228406575586771e-05,0.191543341002294,0.19117548268820558,0.018392860450382742,0.1858756486326456,0.1857116401195526,0.008200428693089633,0.9313,0.9294,0.7857,2.6464,55.60517239570618
70,2,1.3492299679138574e-05,0.19369818065315486,0.1933642908132502,0.016694521631247232,0.19492533691227437,0.19482125751674176,0.005203950451686978,0.9266,0.9276,0.7782,2.6324,54.152428150177
70,2,1.3492299679138574e-05,0.18661712503858974,0.1862776031451566,0.016976147268100508,0.1851566605269909,0.18499708846211432,0.007978469098452479,0.9322,0.9309,0.7879,2.6511,54.345635175704956
71,2,1.2770193224131881e-05,0.18411356189421246,0.18370475247502327,0.020440485840663315,0.19371666237711907,0.1936158187687397,0.0050421573396306485,0.9276,0.9285,0.78,2.6361,53.78451442718506
71,2,1.2770193224131881e-05,0.17473724958087716,0.17435766256281307,0.018979324899347765,0.18326234072446823,0.1831048119813204,0.007876423187553883,0.9332,0.9315,0.7894,2.6541,54.013343334198
72,2,1.2062929154391686e-05,0.20690653398633002,0.20659429574651378,0.015611940628982015,0.1917233381420374,0.19162601381540298,0.004866100079379976,0.9288,0.9297,0.7818,2.6403,50.03162336349487
72,2,1.2062929154391686e-05,0.19403081334062985,0.19366794771381787,0.018143345289198417,0.18116835691034794,0.18101255670189859,0.007790007768198848,0.9344,0.9325,0.7909,2.6578,50.270872831344604
73,2,1.1371332108185757e-05,0.1891008678291525,0.18879180625081063,0.015453107974358967,0.18934822641313076,0.18925278298556805,0.004772139486158266,0.93,0.9302,0.783,2.6432,52.13678431510925
73,2,1.1371332108185757e-05,0.18421640704785075,0.18389682838959354,0.01597890789354486,0.17923063226044178,0.17907505258917808,0.007778938836418092,0.9355,0.9336,0.7929,2.662,52.55891752243042
74,2,1.0696208456733185e-05,0.22283035439572163,0.22250959407538176,0.016037977460239616,0.1866092085838318,0.18651541210711003,0.0046897769905626776,0.9311,0.9308,0.784,2.6459,54.92515516281128
74,2,1.0696208456733185e-05,0.19887107751731362,0.1985170061567,0.017703579046896525,0.17632967680692674,0.1761747483164072,0.00774649599334225,0.9367,0.9347,0.7951,2.6664,54.918737173080444
75,2,1.0038345364011706e-05,0.19907837797488484,0.19877379424870015,0.015229118588779653,0.18414156809449195,0.18404915519058704,0.004620631597936154,0.9322,0.9324,0.7873,2.6519,51.99752712249756
75,2,1.0038345364011706e-05,0.18598139605351857,0.1856412733239787,0.017006137667755994,0.17346970178186893,0.17331611923873425,0.007679059100337326,0.938,0.9357,0.7972,2.6709,51.9414267539978
76,2,9.39850986895968e-06,0.19245927073061467,0.19212303603334085,0.01681173358644758,0.18259008154273032,0.18249959424138068,0.004524424020200968,0.9331,0.9331,0.7894,2.6556,54.21715688705444
76,2,9.39850986895968e-06,0.18079886553542954,0.18045246052954877,0.01732024725393525,0.17126236744225026,0.17111087627708912,0.007574515556916595,0.9391,0.937,0.7993,2.6754,53.93851566314697
77,2,8.777447991142973e-06,0.1918096605156149,0.19149784754429544,0.015590685832181147,0.18082048408687115,0.18073241636157036,0.004403318336699158,0.934,0.9337,0.7911,2.6589,53.65223789215088
77,2,8.777447991142973e-06,0.1990557286888361,0.19871763443308219,0.016904693422839047,0.16903358623385428,0.16888210996985437,0.007573918683920056,0.9402,0.9381,0.8017,2.68,53.6749222278595
78,2,8.175883860929588e-06,0.1890454201293843,0.18871405012905598,0.016568477957376412,0.16511534936726094,0.16496496349573136,0.0075192883261479436,0.9413,0.939,0.8036,2.684,56.05721116065979
78,2,8.175883860929588e-06,0.2037184431616749,0.20341843967991216,0.015000129630789161,0.17787875719368457,0.17779470458626748,0.00420263999258168,0.9351,0.9345,0.7933,2.6628,56.55073595046997
79,2,7.594518875185959e-06,0.16874283765043532,0.16838814046766076,0.017734854711618807,0.16303130872547628,0.1628829725086689,0.007416846347041428,0.9422,0.94,0.8056,2.6878,52.88500738143921
79,2,7.594518875185959e-06,0.18685902059078216,0.18653159716299603,0.01637122248565512,0.17586197517812252,0.17578205056488513,0.00399626477737911,0.936,0.9355,0.7955,2.6669,52.92613983154297
80,2,7.034030879479652e-06,0.1658613489142486,0.16553522385656833,0.01630624170149011,0.1603147480636835,0.16016784943640233,0.007344873296096921,0.9429,0.9402,0.8064,2.6895,52.32744860649109
80,2,7.034030879479652e-06,0.17901501280388663,0.17872318670685802,0.014591294819755213,0.17377935945987702,0.1737014502286911,0.003895417740568519,0.9366,0.936,0.7966,2.6692,52.27090406417847
81,2,6.495073377741718e-06,0.17798495766307626,0.17762366309762,0.018064728059938976,0.15841196104884148,0.15826669298112392,0.0072634122450836005,0.9436,0.9405,0.8071,2.6913,52.04574275016785
81,2,6.495073377741718e-06,0.18880564575748784,0.18846901772277697,0.01683141625087176,0.17196838557720184,0.17189191095530987,0.0038237206521444024,0.9373,0.9364,0.798,2.6716,52.41841721534729
82,2,5.978274770310341e-06,0.15342758473541054,0.1530836648706879,0.01719597337900528,0.1562272511422634,0.15608598440885543,0.00706342444755137,0.9443,0.9411,0.8089,2.6943,51.819159746170044
82,2,5.978274770310341e-06,0.16962819461311612,0.16930704478706632,0.01605747894250921,0.17010483518242836,0.17003003805875777,0.0037397888605482875,0.9379,0.9366,0.7986,2.6731,52.19254398345947
83,2,5.4842376212441724e-06,0.17589515830789293,0.1755500757268497,0.017254118441737125,0.153497351706028,0.15335825458168983,0.006954766681883484,0.9451,0.9416,0.8104,2.697,54.05848670005798
83,2,5.4842376212441724e-06,0.18038615964885268,0.18008498791605235,0.015058625655780946,0.1679256834089756,0.16785191632807256,0.0036883212393149733,0.9387,0.9373,0.8001,2.6762,53.85402011871338
84,2,5.013537955759585e-06,0.15318637570100171,0.15285359120794706,0.01663920764944383,0.1503246773034334,0.15018739625811578,0.006864146515727043,0.9459,0.9424,0.8118,2.7001,54.40156102180481
84,2,5.013537955759585e-06,0.15742517305271966,0.15710687552179609,0.015914888959378003,0.16564454920589924,0.1655711568892002,0.0036696468363516034,0.9397,0.9381,0.8016,2.6794,54.479090452194214
85,2,4.5667245886110365e-06,0.15927193170147283,0.15893942697771957,0.016625233866008265,0.14870322979986667,0.14857061244547368,0.006630761828273535,0.9465,0.9431,0.8135,2.7032,50.853028297424316
85,2,4.5667245886110365e-06,0.15664632905806813,0.156359084003738,0.014362254652327724,0.16465950943529606,0.16458720453083514,0.003615193074801937,0.9402,0.9385,0.8025,2.6812,51.267534017562866
86,2,4.1443184841975975e-06,0.16882120392152242,0.16850792840123177,0.015663760780755962,0.14699051920324563,0.14685898553580046,0.006576629274059087,0.947,0.9433,0.8136,2.704,53.7623188495636
86,2,4.1443184841975975e-06,0.17565511060612543,0.17536304342959608,0.014603390777483582,0.16379033774137497,0.16371809765696527,0.003612053219694644,0.9406,0.9386,0.8029,2.6821,53.58320355415344
87,2,3.746812149141808e-06,0.16104795898177793,0.16070362366735935,0.017216786622468915,0.14564327597618104,0.1455155974254012,0.0063839722890406845,0.9474,0.9436,0.8137,2.7047,51.09059119224548
87,2,3.746812149141808e-06,0.17574199177324773,0.17543129247746297,0.015534959946359906,0.16334069073200225,0.16326831914484502,0.0036185673088766634,0.941,0.9385,0.8029,2.6824,51.432027101516724
88,2,3.3746690580489486e-06,0.16112933659127782,0.16079920237617834,0.016506671998649837,0.14463734198361636,0.14451280366629363,0.006226899300236255,0.9477,0.9437,0.8141,2.7054,53.92075872421265
88,2,3.3746690580489486e-06,0.17967519871890544,0.17937079838344028,0.015220048345093216,0.16281828843057156,0.16274633593857288,0.0035976211656816304,0.9413,0.9384,0.8029,2.6827,53.65350294113159
89,2,3.0283231131164007e-06,0.15865334075476442,0.15835444597261292,0.014944742207548448,0.14356554988771678,0.14344435539096595,0.006059785117395222,0.948,0.9442,0.8154,2.7076,51.671862840652466
89,2,3.0283231131164007e-06,0.17373676826911313,0.17347864803991148,0.01290605400156762,0.1620359618216753,0.1619644273072481,0.0035766594810411334,0.9417,0.939,0.8045,2.6851,52.030317306518555
90,2,2.7081781382230905e-06,0.17553767508694104,0.17525902896055154,0.013932303764990397,0.16153598837554456,0.16146437600255012,0.0035806546919047834,0.9419,0.9385,0.8037,2.6842,51.09925556182861
90,2,2.7081781382230905e-06,0.15843676435095924,0.15808365190667764,0.01765561844887478,0.14192904885858298,0.14180989563465118,0.005957696377299726,0.9483,0.9448,0.8166,2.7098,50.97718834877014
91,2,2.4146074080889007e-06,0.16528877307261738,0.16498194789247853,0.015341270322512304,0.16137390732765197,0.16130242347717286,0.0035742921056225894,0.9423,0.9387,0.8039,2.685,52.65992546081543
91,2,2.4146074080889007e-06,0.15803257591490236,0.15767986327409744,0.01763564414743866,0.14069497790187596,0.1405774023383856,0.005878810782451183,0.9488,0.9452,0.817,2.711,53.35442042350769
92,2,2.1479532130530573e-06,0.1836211552045175,0.1833125791911568,0.015428822973210897,0.16125795803964138,0.16118625029921532,0.0035853850247804077,0.9426,0.9385,0.8039,2.685,52.132784366607666
92,2,2.1479532130530573e-06,0.16451608900512968,0.16414995704378402,0.0183065612268235,0.13972263373434543,0.139606474339962,0.005807971232570708,0.9492,0.9456,0.8178,2.7125,53.166948556900024
93,2,1.9085264599789185e-06,0.15962375405111484,0.1593306434739913,0.014655514523786094,0.16069310680031776,0.16062098518013954,0.003606053220573813,0.9429,0.9385,0.8042,2.6856,50.80858397483826
93,2,1.9085264599789185e-06,0.14865830067012992,0.14831381658358234,0.01722419879266194,0.138225756585598,0.1381106810644269,0.0057537804124876855,0.9496,0.9455,0.8174,2.7124,51.683274269104004
94,2,1.6966063097504317e-06,0.1773434945515224,0.1770586391112634,0.014242810842448047,0.15996524542570115,0.1598932534456253,0.0035995694226585327,0.9431,0.9386,0.8048,2.6864,57.4242959022522
94,2,1.6966063097504317e-06,0.1558342129524265,0.15549078014280115,0.01717165664636663,0.13704837672412395,0.13693454284220935,0.005691737052984536,0.9499,0.9456,0.8182,2.7137,56.48326587677002
95,2,1.5124398517830914e-06,0.16959839551044362,0.1693150645121932,0.014166548305989375,0.1593759533017874,0.15930433049798012,0.0035811384383123367,0.9433,0.9384,0.8047,2.6864,55.40964913368225
95,2,1.5124398517830914e-06,0.13925744454775538,0.1389593188251768,0.01490632831119001,0.13646564465016126,0.13635346926748754,0.005608710856176913,0.9502,0.9458,0.8187,2.7147,55.749106645584106
96,2,1.3562418159286768e-06,0.17601992104734693,0.175711163772004,0.015437877091712186,0.15887936539947986,0.1588078498840332,0.0035758659709244967,0.9435,0.9384,0.8047,2.6866,51.753336668014526
96,2,1.3562418159286768e-06,0.15828355332570418,0.1579691902335201,0.01571814775733011,0.1358167352154851,0.13570572417229415,0.005550601589493454,0.9504,0.9461,0.8199,2.7164,52.74921417236328
97,2,1.2281943221098992e-06,0.16724777934806687,0.16693326692496027,0.015725623457027334,0.15840089619159697,0.15832914784550667,0.0035874539462383837,0.9437,0.9385,0.8049,2.6871,51.37387156486511
97,2,1.2281943221098992e-06,0.15458746632294995,0.15426347963511944,0.016199318492519005,0.13523198161274194,0.13512137420475484,0.0055304241250269115,0.9507,0.9459,0.8197,2.7162,50.89457702636719
98,2,1.1284466679766765e-06,0.16604207227272647,0.16573133447340557,0.015536909773280578,0.1582755722105503,0.15820467993617057,0.0035446732450509443,0.9438,0.9387,0.8051,2.6876,52.080774545669556
98,2,1.1284466679766765e-06,0.16063751014215605,0.16028165056237154,0.01779302648667778,0.13490347675979136,0.1347951043397188,0.005418526753783226,0.9508,0.9461,0.8201,2.7171,51.26416873931885
99,2,1.0571151548317882e-06,0.15435501619109085,0.15404401980340482,0.015549861925787159,0.15794634334743024,0.15787565223872663,0.0035345819953363387,0.9441,0.939,0.8059,2.689,49.92207741737366
99,2,1.0571151548317882e-06,0.1532241006514856,0.15288964877171177,0.016722613792600375,0.13429352845996617,0.1341860694810748,0.00537296732654795,0.9511,0.9462,0.8205,2.7178,50.37301802635193
100,2,1.0142829520287364e-06,0.15769085735082627,0.15739613178053072,0.014736274663092835,0.15785374492406845,0.15778279565274717,0.0035474485775921494,0.9443,0.9392,0.8063,2.6898,52.784425497055054
100,2,1.0142829520287364e-06,0.1451611453534237,0.14483764657218542,0.016174908115395476,0.1335806641727686,0.13347335383296013,0.005365461728069931,0.9513,0.9461,0.8203,2.7178,52.05143976211548
