Model,Aggregate,PLCC,SROCC,KROCC,Source
agaldran,2.7427,0.9491,0.9495,0.844,Lee et al. 2025
RPI_AXIS,2.6843,0.9434,0.9414,0.7995,Lee et al. 2025
CHILL@UK,2.6719,0.9402,0.9387,0.793,Lee et al. 2025
FeatureNet,2.655,0.9362,0.9338,0.7851,Lee et al. 2025
Team Epoch,2.6202,0.9278,0.9232,0.7691,Lee et al. 2025
gabybaldeon,2.5671,0.9143,0.9096,0.7432,Lee et al. 2025
SNR baseline,2.4026,0.8226,0.8748,0.7052,Lee et al. 2025
BRISQUE,2.1219,0.75,0.7863,0.5856,Lee et al. 2025
CT-MUSIQ (ours),2.7682,0.9606999754905701,0.9605,0.8469,This work
